timestamp,sending_address,receiving_address,amount,transaction_type,location_region,ip_prefix,login_frequency,session_duration,risk_score,anomaly,age_group,purchase_pattern
1789268804,0xaca2b4a8818339995aeeaaee16412288f9e4b50a,0xb0a7dba1e025bb3c60f4d933b89c70a0abeaf776,2980.38,transfer,North America,154.128,7,115,93.61,moderate_risk,veteran,random
1789223309,0x12386c3de46c5d08e4cb116b05cdde534966308d,0x8acf7eda17c35542f897d555199c0983cc4b7ee2,2317.07,transfer,Europe,133.15,1,101,35.21,moderate_risk,veteran,focused
1789255936,0xac0f3d3f67c22c8e4a166ed34266e914c69c9ef4,0x4db80ef59f779be0caaafb62bd5f59084bde73ad,2153.24,phishing,North America,59.212,8,66,80.04,low_risk,veteran,random
1789259268,0x36f58bb7fee082065e2a923c3bd1f9a7da63c934,0x0d6e867705bab08ff7876c1130a5850def43914a,3861.8,transfer,Asia,90.176,4,62,59.03,moderate_risk,new,high_value
1789231406,0x2c3fa6e28a7b0c4d3a06141542af30cffe813566,0xef781a16571206f55d79621e6c4d6c8002f8c80c,242.77,transfer,Europe,188.215,4,57,53.43,moderate_risk,established,random
1789307815,0x7e07434e9c306d5a7c4f59ed34556e0137de9825,0xbd615df982c95f513c6c35cf2fdfd806cc5c230f,574.7,purchase,Asia,65.227,6,111,71.84,low_risk,veteran,random
1789216254,0x1a86ff66fe264ca8844cd386fe1a078803b3b6bd,0x65119ae575356183cbc738b3c29e06c66880e6b1,686.39,scam,Europe,134.173,6,83,31.98,low_risk,new,random
1789286870,0x3a3b1c2a73e706a5efe58ae737618ccdb4305455,0x5eb2e047ab4c4dd69c3c646ee693f75a52adde2f,1720.6,purchase,Asia,151.251,6,111,45.83,moderate_risk,veteran,high_value
1789236655,0x3a8436d50a4d77fc54d3e887a789fcffd68eb0ff,0xa738c07742446fddf8a9dc7823e371436b1289b8,2137.05,scam,North America,135.238,5,35,94.73,moderate_risk,veteran,focused
1789216595,0x81672a1ba414ec7d36801f4c85bbcc0cfb45aaab,0xa7eeca1c4d4980c14d3637a667ddbf572b2aeef7,1889.35,phishing,Africa,113.4,9,59,36.51,high_risk,established,random
1789303242,0xf988d8ffdc20157d722667752da7d96d61579348,0x2d51567f6df609c6e6d527fc5e84d1b6e486c738,1869.51,phishing,Europe,79.48,3,98,6.23,high_risk,established,high_value
1789227113,0xc074b15a915660822b080057e8191a7652a401b9,0x802649286a4a6a02f3af4d6b31b8fa48759f09f3,661.52,purchase,North America,179.54,10,8,94.3,low_risk,veteran,random
1789248204,0xccec0d4dc2b936c77f8a0bb5a6ad633f887335dd,0x2c37f9c08630982728fa15580c7fb883bf1480e3,2093.24,sale,South America,182.126,5,64,62.41,moderate_risk,established,high_value
1789274659,0xefb43d9eb093d284ab1c48ff64df1700515e14ab,0x5ac37606e561d23d6f6a3449717584e140f396d3,3007.8,purchase,South America,86.198,2,67,82.57,low_risk,established,focused
1789278501,0xe16caa935914f7ee72088174dd332808a37eb7dc,0x5d1a18aaa67fc01f8b92b16f74db38f5ee2ac101,2786.05,phishing,South America,188.118,4,6,87.01,moderate_risk,new,random
1789270407,0x68fe87a4b716167cba289aaa111c0ccce0e8401a,0x73c8212df31d3afe25598e2bf11004d88a2e20c2,2874.4,scam,Asia,155.53,9,103,33.02,low_risk,established,random
1789292006,0x1eb78010dae58c6fe5faf116c0bf8bb259d955a4,0x4a67fad5168fd63b45e288beee745cb1bb7a7dec,941.38,phishing,North America,116.41,5,105,9.62,moderate_risk,established,high_value
1789226918,0x3500b668b9d9368efd112bde86f5cb63ea5f4d60,0x92cd558319295107cfbd6afb8a0c9fdb51cd759f,3307.54,scam,Asia,37.186,8,40,55.55,moderate_risk,new,high_value
1789255953,0x153cf3b3907501030deb36105d8acbf0bd4342bd,0x0098f586a67373cce04841ae42597b5dd7824301,846.49,transfer,Asia,15.120,5,81,24.34,low_risk,established,focused
1789303273,0xe5aa11967ce2b6b1c7e0c621b1dbe1b47a239e08,0xc5fc5bc375cd397de603d95abc81340760cefee3,4308.27,purchase,Europe,177.34,3,111,92.7,high_risk,new,high_value
1789254728,0x8617f43afc1471e05e79d5c7e7028bce16ab8113,0x3bc9db26275025610b67757d7fc2eb42afc385af,2687.38,sale,Europe,14.17,5,36,50.61,moderate_risk,new,random
1789306073,0xf12e43473e5ebeae1fbd635c91982eef7076eb5a,0xd3d7c118684dbf3384f22f1fde224749e2f93397,2132.93,sale,South America,167.220,0,58,52.71,high_risk,veteran,random
1789253782,0xbf6d5d923b3199034a734cab5e78093e0242311d,0x6448cbd9d4b1c2f38296e1605e3d7d6f9233169f,2147.82,phishing,North America,16.238,1,46,39.68,high_risk,veteran,random
1789301946,0x6a4fa0bf1d371c44a09fd0f56be51137039084b2,0xce8f204312e70e3c2eb00ac4926c409251afdcb3,3591.45,sale,Asia,108.107,10,42,60.35,high_risk,new,focused
1789281204,0x23bae7a138c793b756799fa41dddc01196ac9708,0x145cae3f1d25679a0b0d3a123495f4b92be7ddd7,3322.7,phishing,North America,54.171,9,54,2.86,low_risk,new,random
1789286201,0x3f6f4c0a2d6c7aaeab3887332dd0bd0888de095d,0xa5d69fca6ccfa1f2e785171b1cb8658739a1bcd1,2938.64,sale,Asia,72.242,7,41,10.35,high_risk,established,high_value
1789309457,0xea9c4b0110fd112c8d652e29d1c0df052f10aa4d,0xc0ad9268b3e53d2a615343a1e88f05759612ea1a,4329.15,phishing,Asia,76.117,5,101,48.19,low_risk,established,focused
1789306407,0x92aeac3bfdf5e81ba91e9dae7dfebeee2e62352f,0xbbf3fea413005b5a4c24bb5446db96a0940d6ec7,68.52,purchase,Europe,185.182,6,7,35.58,low_risk,veteran,focused
1789248245,0xa31e2aa3e1511d397035a54b749b427ba756994a,0xbbf87945ba86898357463070a3bbd834a048aa16,2011.4,sale,Asia,186.69,1,47,69.92,low_risk,veteran,focused
1789276163,0x76dc67051adcd86c8a8fd357f69a561529242b8f,0x72a7c2c13540b6a4ae466a3b2e4c44626625afba,3224.43,phishing,North America,31.125,3,55,36.33,low_risk,new,high_value
1789225438,0xf607c84d714207cdaaaae70668ce1dd5ddcb903e,0xa0da8e4b79983a474e5a9d09006ad3bff15f92d8,214.7,transfer,North America,94.5,10,32,91.58,high_risk,veteran,focused
1789288318,0xb81bcbbf22a26bd9ba262cb4a135f088b368970f,0x064a08a98b803d2aa0d8dff1010f22494b2a78bd,3919.96,scam,North America,132.1,8,107,37.6,moderate_risk,new,random
1789242055,0xd2351037de2d5305c0afd5e5453af8790458bc7c,0x2770a1c7ebe6aa78aa726ee37dd3e0d3ae93cbb6,1808.04,scam,Europe,106.0,4,83,67.26,high_risk,veteran,random
1789231668,0xea9d5f3880f7c8bc018f202b4249ca28582f3b3f,0xa70b7dc1d409fe852262f2b5448b56c1a89c9a27,2622.49,phishing,North America,88.165,7,44,2.76,moderate_risk,veteran,high_value
1789233395,0x73f49dea3266640d5bbbfd28ada22917486cd094,0xe4d3188e3f71de7e2d7bd894408dc78c732214c9,548.24,purchase,Africa,30.244,8,69,66.04,moderate_risk,new,focused
1789250610,0x8f1f1f8913ac17f617a7dcfe319f062aee3d4034,0x984fb507e811638791d7eadc17c47f041ad11a89,2428.0,sale,South America,171.25,4,13,84.5,high_risk,new,random
1789256121,0x2a3070458d0d8bbaba6999b490bb5191e3c3c614,0xffa5de70cfb12c58e7ea5deb2ab0c7e520478f60,672.46,transfer,Europe,175.169,1,47,89.72,moderate_risk,new,random
1789274608,0x28d0b7c5786f586b20738ed31fa6c959486f9a4c,0x6c5db87a18bc3f35e3a113cd2cbee9fc28207d28,2062.08,purchase,Europe,104.199,3,7,89.23,high_risk,new,random
1789295757,0x8eee3be188a125fdcacb44d85184cf3eff9889ca,0xf03e290aac793132ef5ad84916bf37f7992bc78a,3449.17,phishing,North America,19.190,4,9,59.51,moderate_risk,veteran,focused
1789226824,0xa4a42da1c344a831e5c1d45aef259ee615616e2a,0xd636cf0bceb565c40d4d1650de21a74bdbf4ca30,3672.99,transfer,South America,103.108,1,108,34.22,moderate_risk,veteran,high_value
1789232407,0xa1b22f9d5c1a13f5311a9aaad4d2bf00e76312fa,0x1acbd3915c522d9fde83cbcc5c3a8e017093c71f,3572.25,purchase,North America,56.27,6,17,32.28,high_risk,established,high_value
1789289528,0xe98bdb3edee278bb0585076fa9c0a06b972163e8,0x29723aacf7ddcbdb54be8ef40fb842b89224e003,2855.52,purchase,Africa,17.177,5,69,55.71,moderate_risk,veteran,high_value
1789256922,0x9cd1019aaa70d2eee69c34c0f828a0fa4fa5f21f,0x5d2ef0fa72f39c392ae0d3dad998f3bfd6f0e650,3308.91,purchase,Europe,34.226,5,33,73.44,high_risk,new,random
1789214030,0x862ec628d36120c347346ca1f0998f2396e067d8,0xba5c992324db22d4f2885e044f634fe8fb854013,1433.66,purchase,Africa,134.157,9,13,51.57,low_risk,veteran,high_value
1789250953,0xa8b5fd8be68b207e02ff3ac7e1a073f6ae98b1b2,0x4ae99bcb727f4ec69f9361e3f2b1dfcbc54734d8,87.22,transfer,Asia,137.121,10,96,38.14,high_risk,established,focused
1789276662,0x04e9480ac9c652f347944f00c32536a0c6d3191c,0xc94c3bf5081257c2d94eb331b241dbe4ae2b6a08,2901.51,scam,Asia,24.101,7,25,23.54,low_risk,established,focused
1789238535,0x1481432b3be849a4db84670ed9fb0f08dbfeaad8,0x2aabd7d9ad26736a7650ddc950aaa6c7466ef50b,1622.87,phishing,Africa,186.67,10,28,75.64,moderate_risk,veteran,random
1789300811,0xd97732cb785f891c520942defa3bfdd214f9d05a,0x7804aec921da720af884ab8e28f191e7eb556374,3491.6,phishing,South America,61.25,6,109,14.3,high_risk,new,focused
1789253225,0xfc272b7475c070a0f5c2c98e0fbbd49dedd74628,0x523d3271bd4b4d6b32e68833ecb4846c1a412f63,4686.79,purchase,Europe,32.191,4,54,24.02,moderate_risk,veteran,focused
1789295468,0x449b1c1ebdf4c5ff6a3faf288e6b6e18e141b58a,0x93f4b135b9cf9f91a066779ebae982381814f908,3893.87,phishing,North America,54.194,5,70,82.61,high_risk,established,focused
1789309209,0x3e6b531d558c1223f6133a3eb5d1ee37622b8554,0xfb2eec0a570e442458b210ee5a38c6bcb880e7e6,2852.18,purchase,South America,128.140,5,24,21.11,moderate_risk,new,focused
1789264063,0xee9d3c545dd4a944b296fbe3902fdbcf51963434,0x8dd20dda470a2acfa0b8a22cd3e4810a36f03965,2700.85,scam,Africa,149.206,9,98,7.95,moderate_risk,new,random
1789269163,0xcb9160ff6d4a19db387a4b8f2e9ae9ef2c71e2e5,0x79c08bd7024d530a81d0c1a1daddc644f7fbd003,882.16,transfer,Asia,169.59,2,59,6.46,high_risk,established,high_value
1789298126,0x278a5e84819b7f9350b90ad8306452c5fd109d4f,0xe111fc56053ccc5545bb6f3d2caf402fcd75243a,1329.87,sale,South America,41.15,7,58,55.34,high_risk,veteran,focused
1789214253,0x7c6fad313a08c19bd22ad3ccca0a2b158d69c664,0xc2eb0313cecb826ec9e1635cd11233ec78414140,133.14,transfer,North America,176.43,2,7,63.71,high_risk,veteran,focused
1789266458,0x81b083ba193680d1d0f64cc5edaba06e91622503,0x57eda2f11a7bee6e80e353a98ae1a0f0a0307e2a,180.21,phishing,Africa,47.26,3,120,75.33,high_risk,established,random
1789239552,0x1709c996b1d6fa901b21cb87086550771bfc60aa,0x6be5c8f61ed2e9f6a9803fa4027be58e81f4b3dd,1559.18,sale,Africa,111.153,9,23,73.15,low_risk,veteran,random
1789290713,0xf726dcda988aeb45b7b2f282c722f7a835a8e661,0x97e25b28f4540a16b8cb8101ee284d4918a822e5,2957.64,sale,South America,95.201,10,108,0.48,low_risk,new,focused
1789227445,0xcee054687e878829d748b63834087a7b3b1d5f7e,0xc9001ca3a6484385d42c157dbc48a501a20ffccc,1703.44,scam,South America,68.87,8,60,64.41,moderate_risk,new,random
1789238338,0x9f3301a66977e361b8a9f86b0f7b7598aac74cf6,0x058c76a806a02e540216d1cf4a4f5e085c2313ef,4589.49,phishing,Africa,12.156,4,86,58.16,high_risk,established,random
1789231385,0x20985fa6373e77bbac7c25c89dfcc8ade9658de7,0xb2804c92519eee2cbdecfa3091ab45572b0b4416,3556.77,scam,Europe,63.123,2,12,59.77,moderate_risk,established,focused
1789254233,0xa1f3db97b9c6bfbfd59400eaee683dc855a83d0a,0xcfa7411fbb1f612833021aa35fee57821983607c,3033.01,purchase,South America,145.176,7,69,47.05,moderate_risk,new,high_value
1789216028,0x86aff37508137caaf21bd049749f6ab7e93fa5dd,0x8ab5373334408dd715dbe95834a1c5267ab02ec1,1382.07,sale,Africa,146.209,2,32,53.43,low_risk,new,focused
1789276687,0x38987dacaa377f304b415a6239f9b8099174920d,0xf7bf0b8634b4bf4493d8f82e4ce31d7518eeccab,1009.08,transfer,Africa,63.215,7,35,28.83,low_risk,new,focused
1789238549,0xb8150647fff8dae9c2b6e516fc293d8685bfc456,0x0946c90dd49eab6e3cd548ee66163329653ee753,3363.63,transfer,Europe,50.187,4,66,16.13,high_risk,established,high_value
1789245071,0x06d0adcc08c1fe60a6fa954b374e5977bdeb8588,0x6c96e94c9fcfd5f801ed8f77ab00e4c984759bd6,3084.94,phishing,South America,122.220,9,41,62.44,high_risk,new,focused
1789221176,0x64d0dfd000bf9acd4a371a77ae6f49e2049b475e,0x1d1a988e667bd668009247b121d49a2cb9b13506,227.05,sale,North America,177.10,3,73,64.82,moderate_risk,new,focused
1789273347,0xde2b0080b99f98a4876776bfaac6c1b967a26125,0x8de0b47ff7d8eabd7165171e3276f718ca2ea236,4006.97,phishing,North America,151.78,10,5,68.71,low_risk,established,focused
1789230064,0x90d0c2522878e65521754c75b0baf7a59abd4607,0x6f6704f5c1b0843fe3f48e172f397f4f2b00a155,1774.91,phishing,Africa,160.108,9,90,14.35,high_risk,veteran,high_value
1789215899,0x0b3254c21d73f9d079eb720890b6fb4d3925f051,0x8eec0d5d69ba9fcf93405ad8d22d54c33051b307,1041.14,scam,Europe,22.121,9,104,11.89,low_risk,established,random
1789251929,0x821834fe181a0a25a017370c7803ee939410c9c9,0x14d5b5f06aada96d61b6e53b659681dcfe766f99,260.45,purchase,South America,134.36,8,8,51.27,high_risk,new,focused
1789247394,0x917317509b6ad3ababac36a4bd426ae830f8b06d,0x26cb12eaf0ef26c6f7c0ca947ce8ed03256c4032,2489.36,phishing,Africa,148.180,10,39,4.74,high_risk,new,focused
1789216151,0xba9b63bea0993f64a027193457ad85e3147fe2d1,0x935c5ab877769ce232a4fe62abc3ca05889e46e8,152.46,purchase,South America,82.193,4,67,3.9,low_risk,veteran,random
1789219139,0x68c01915c4316e234903ed54dfb4a925304d3e3b,0x78d976e6b975acbcf4b41a1a2db9f17ba6f95a75,814.37,purchase,Asia,31.25,6,97,40.09,low_risk,established,random
1789230249,0x3d5357d648bd2188a6dd57b7f63537f63aaa78a1,0x2455214af58e9a898a47b24beca91d33e117ed63,4311.62,sale,South America,22.143,9,87,67.29,high_risk,veteran,high_value
1789246246,0x8974ff5e24c5939de6d00bc1aaf7f947b1a9673f,0x16838f37029d97637fb4277723dfafea43d32774,1522.16,phishing,South America,115.149,1,111,34.4,moderate_risk,new,random
1789275376,0x14f7e3d8644fb5034c578187bf4e13a2b0c20ca5,0x5348a1df6fe1d2c63335d0c4cfa2af98b7cec2f6,3252.8,scam,Europe,130.176,2,119,19.39,high_risk,established,high_value
1789243937,0xcbd01e3c6a8a9098b7b2c3887d7f032dd79a831e,0xe0f23d03ba22002dea88612e5008a78f4a4cf8b4,1686.94,transfer,Europe,62.3,6,69,64.2,high_risk,new,focused
1789284629,0x6bf771272dba148af58714a8f0c974cf53634081,0x6e876d78571b5feaa524b7c4559d316f763faca5,3389.54,phishing,Africa,48.46,10,88,20.12,low_risk,veteran,high_value
1789223680,0x1f7f782aab2b927f6c2bc66b262082e23952b1aa,0x59d458a2070f1328ad96e91bfa04c8c2cc8745bd,4268.6,sale,Europe,140.145,7,87,55.63,low_risk,established,high_value
1789310572,0xe3f553e9b0c3ffd97c3ee4a6d27bf478790521df,0x81edac18306ae812eb36c623ba5c7819e036efe6,2438.92,phishing,Africa,83.248,8,104,40.09,low_risk,veteran,random
1789270506,0x584ef968df962ff1e25e2a5955e8b103b0be4d4f,0x6cc5eebc6bb79978a98191ba937c34df34bdf9f1,2296.42,sale,South America,172.248,2,98,92.36,low_risk,established,focused
1789266350,0x73f3f2f03bf749a25c4b2a6e0dcfd3248c9e82a6,0x22959757a1d56a923393aa4af795d7c7ab17381c,2729.57,purchase,South America,86.77,1,6,71.83,moderate_risk,veteran,high_value
1789214172,0x7154f8b51edb09000ffe560402e8466d6c4d057d,0x7c90fc065d96c2706c92ebf2908977d36086444e,4185.66,sale,North America,76.41,6,26,41.9,high_risk,established,focused
1789311913,0x0759ba8b733e7ecacaea58a5a8e4618bae1df98a,0x47fa9d8b9b2abc52781c5c52baea2cddbac0d1b5,907.41,purchase,Africa,45.3,9,55,50.77,moderate_risk,new,high_value
1789241812,0xd6a354619b63ca7cafca49d31393161f4ca0195c,0x7671fab7cd98c257c2f5193011a71bd55b6beb70,4503.89,phishing,Europe,192.107,1,89,92.74,high_risk,veteran,focused
1789234628,0x3a6cce658e77e3fbc6fa8df71cf563bdced15aca,0x42ce6e64bb4b932bb54a069f2a15529b3500d4f2,4803.97,transfer,North America,17.2,4,8,88.46,moderate_risk,new,high_value
1789268451,0xa7eb41932ddcfb16e6ebfe729cb7e965b41efe53,0x50ae0fc8300af83dd7c1e2b180f101f10a443382,3940.46,scam,Africa,121.51,4,46,78.59,low_risk,veteran,random
1789242354,0xf6352fbf6b3456a61c4914bb65db1e929994cbd8,0x8e6b4e0917f859cbcb571ea88f246da06fe888cd,3583.74,scam,North America,123.85,9,9,47.66,low_risk,established,random
1789269425,0xf9de1414e5b3826024c195849a6428c23456408d,0xf9f4c74745bfa2dfb8a5b1ebb87148a4b9e229b0,2731.13,purchase,Africa,108.191,5,101,43.14,high_risk,established,random
1789230548,0x53489e866b64b1946bcae82aad2f97b8078deb09,0x794a6947d868e233926810eed590f80a49a81ffd,1658.86,transfer,North America,12.218,7,38,2.29,moderate_risk,veteran,random
1789302362,0x00403b0014fe2f449bf7ddcc400f9b724685bf74,0x30b6a04cafc96ffa20a6958b1cd7d0674fa6599a,283.74,phishing,Africa,999.ABC,1,50,57.12,moderate_risk,veteran,focused
1789245998,0x7ff1d6ce9192737646988c49ee238562abe47e96,0x38789090c9808d69b147d8a6e8f6b71128feb3fe,4274.28,phishing,Africa,94.158,8,73,44.1,high_risk,established,focused
1789231686,0xcd38cf3c4ecbf2921fe77b9a7a451a4345024b2b,0xd9b93084f17c77ef803eb74841521b16a352d0b6,1363.79,sale,South America,91.169,9,77,54.68,low_risk,veteran,high_value
1789240020,0x3ad268696b96cc491ad2184c51b6b6e75ab4d53a,0x9c7bb38a12ea34ec62b17e54ed51f252b23a858e,4020.4,scam,Asia,83.254,9,109,91.2,moderate_risk,established,high_value
1789286936,0x8d31b97a8b2937465f4d86f991832c6d2df97f90,0x85792b716396a5f1c562ebda0263e5a068d90385,347.88,purchase,Asia,143.226,9,93,5.17,moderate_risk,established,focused
1789269096,0x3d80a2072277d67a95e6b1845b85ce5467786b06,0xda967c859ed80a3ceb1f9caf4775dfd771e8923f,3218.85,transfer,South America,20.100,10,97,93.22,high_risk,veteran,high_value
1789219024,0x5b836ccd915b73aad2742ba080af73c27f7ed139,0x21ba386904f33abe4204f441b28893a4f6c9c680,3191.1,purchase,0,24.139,5,57,87.84,moderate_risk,new,high_value
1789287065,0x1f1a3d054d38ec90d8d498fd392923f3dfbdb510,0x390818e52852792b97bbfd241f39ac978be312f4,3026.14,purchase,Europe,180.202,10,9,28.34,high_risk,veteran,high_value
1789212627,0xabb3d99544ae2f588862083135a4c6d43c317bfd,0x741d84bbe39c10fdec09a711c5ba58f876a3708b,3334.84,scam,Europe,151.89,0,88,72.89,low_risk,new,high_value
1789279925,0x2a10b03268b3312d50d84af273535b920273b248,0xd70a8a570077f6a81200d695400a9ceb61237867,3289.6,transfer,Africa,10.126,4,95,34.17,low_risk,new,focused
1789304764,0xc1023ae7d5b87fe87c2a218e7e889b4f58023659,0x379f7224fc30e63d785662b39434e1cfb3a0e20a,2471.85,sale,North America,29.129,4,8,9.62,high_risk,veteran,focused
1789226976,0xc84d75bd33211ff65fe7d82553934d6cc62bf9ed,0x1f948ce6eed9a5f36059f74e39f62bcc3cb99ae2,533.81,transfer,North America,178.21,5,72,2.74,moderate_risk,veteran,focused
1789293838,0x8eee5f50cb6e647311907f99d4088f9289ddb6e0,0xe23b5bdbf36ebd6c38392bbdb5cc24bedee82321,4357.63,transfer,Asia,15.173,5,24,84.57,high_risk,veteran,random
1789300021,0x2811dda1f22c819b301c590644800241cac7a46e,0xc6461daba60f33134e4a298c0183b90fd13d96b4,129.78,scam,Europe,46.99,7,39,31.6,low_risk,new,random
1789300990,0x6d5896a4882d90a59fea2ab6a05d6190e60b4a92,0x98b04f9edcc5eb4604ead047839841518ccf3d8b,3410.22,phishing,Asia,112.83,4,50,16.33,moderate_risk,new,random
1789285454,0x3541a5c509a28d73c2f3388bbf4f3a3595866bde,0x825c920ada374334457e5d05a9752098733e0817,4011.89,scam,Asia,95.75,4,26,88.79,low_risk,new,random
1789299050,0x50ef2e28ee1a06e20091ab5d2ba7d6bb769bc100,0xf7ba230de5754b73b626741a2d929eb6e48fc81c,746.15,scam,Asia,90.64,4,23,10.06,moderate_risk,veteran,random
1789297331,0xa51e44e87b76c402c28174d2cdec10f42314fd9a,0xdd8eb082a8f1984867bf749eaae3009ef643130c,1841.56,purchase,North America,84.30,9,57,5.67,high_risk,veteran,random
1789277950,0x4c18bee8557bcae57d0914bf7476d60317f9d858,0x4c0de04c301f46bbd815fd422f62dd9529f56366,894.17,sale,Asia,117.131,2,30,92.29,moderate_risk,established,random
1789281180,0xb9c16ab23d9bf2abb9b485be8f26cf5fcce2c074,0x8b5616a219104f2a0e16451ed331b1202e3f44a6,2161.64,scam,North America,151.37,7,87,21.13,high_risk,established,high_value
1789242923,0xb9897a189ca65b108fb95c80e92112b6c152630c,0x2956f0642f2299f8993ba1523ffa4dea4744b54a,1693.06,scam,Africa,77.14,4,7,1.28,low_risk,veteran,high_value
1789311236,0x369178978983b3659239659ed79ebd3b5cae5674,0xd8a100902152faf9fd042c80a4c6002797799cdb,2379.8,transfer,South America,37.107,2,110,24.21,high_risk,established,random
1789253329,0x9c0437d6a017a0425bb865147ca1e0557a743632,0x9006b73ed81d50d71723506c9402730abe793f50,2007.97,phishing,Europe,177.118,9,55,50.06,high_risk,veteran,random
1789229461,0x9c42de94a2d3f27eb65a617669f5e4b76a20a704,0x01c9fee2078efa75913d914bb387f9730fd11c6d,3655.22,phishing,Asia,147.201,6,35,2.17,moderate_risk,new,focused
1789297970,0x7145d40e2fadd9946dc296e01439a39559be2b35,0xde71868b80001645bb664e22ae392067b63cc0ba,1331.59,purchase,North America,35.93,3,10,53.87,high_risk,veteran,random
1789290904,0x6e902736066d5044912b3f94b50e72744d45f618,0xdb9ad191676afacc8d6c69d44c4b0c5fb82fbe0a,1680.92,purchase,Africa,189.22,4,106,74.05,high_risk,veteran,high_value
1789264974,0x945e8d15777ee2818658de1a8831127f63404a70,0xb851da0d7a677f10866e731c6b9c3358b62a2a84,245.09,transfer,North America,157.89,7,33,59.77,low_risk,new,high_value
1789268478,0xdfaec3c5db084141b89aba028eeba10371059287,0x9941eb326f412425da504e6d9209f2d5bf69b39f,4321.99,purchase,South America,143.124,6,17,93.55,high_risk,veteran,high_value
1789234582,0xdc6606d20e557e89d77ebfabaa17e6fd66a75b08,0x1791d9e685f72b3834c32d36f089c26c184cdb88,2964.78,sale,Europe,115.231,4,68,22.59,low_risk,established,random
1789278607,0x93752bab6bc12416019be5e2a691490a31e5caa3,0xb4c6f75bc6783657c56da715242f1ea8deee7049,1350.74,transfer,South America,157.66,2,13,82.09,high_risk,veteran,focused
1789216632,0x394f9c9d3038cefc46c17f99b6a6d5c6818609c8,0x1e9cf237c225b00cd95640fb5dd04e0bf687ba2b,3040.24,phishing,Africa,150.144,10,39,25.91,low_risk,veteran,random
1789289474,0x84b4a103aea115a64fb14142c54d44e793c83ddc,0x95363f0792d111d3d335228bde68b043bb4d7887,4664.53,phishing,South America,133.10,7,107,90.23,moderate_risk,established,random
1789216223,0xd55c6f6e79be67d60cd188b2c1c8fcdbfd4828ff,0x5db039c7bd75c740a5ecf9f7abbe2567de57afbe,3745.22,scam,Asia,149.182,9,72,82.16,high_risk,veteran,high_value
1789214372,0x6bf35bd68812a5752ff04c97145b52eddabb2404,0xf94f5986851596e651da26d07a622eb699e498c6,3177.55,phishing,North America,10.57,2,38,54.51,low_risk,veteran,random
1789265571,0x8288fb87907824e62d04c7644022885aa9b0a0d7,0xa47239019f4fc3ed981b66f9e259d66eea972b0e,3520.22,phishing,Africa,73.82,1,109,31.78,moderate_risk,new,focused
1789282159,0x27ba5abad3278a02295b94ea3c89e095346b81cd,0x96b5cadb0b9232ed27780ecaf1f85cc4de139350,4719.71,transfer,South America,36.92,4,47,1.76,moderate_risk,established,random
1789300611,0x9fcef9059816bb28ed8e8345a44703227aa1fbd4,0x1407741b6759ef6127e31f635f05b1fef72d37f5,3374.08,sale,North America,135.252,3,29,20.14,moderate_risk,new,high_value
1789299753,0xb996bfd503ba514d66ea0beba445dab21aacca8f,0x71a39a7358a9ce2deced9cc40e18e1215984391c,-444.78,transfer,Asia,57.90,9,51,57.9,moderate_risk,established,high_value
1789222512,0x16672d0ac6249c5f3ae8cc0eacdd241a160715e2,0x724ffd532e06a7e23bc32585dfeed541ca8432f0,3187.54,scam,Africa,70.172,5,98,80.09,low_risk,established,random
1789226911,0xdfa6038f28e3283080f401721719f4cb81f6b40b,0xd094a559522b1f1237607bd3dea9812771ac9bdc,4911.11,scam,South America,86.189,2,42,26.33,high_risk,established,random
1789230830,0xfdf7ee4bbd4c1c8d305d4f69a3ae7da01505d5da,0xb45f824913d157489b62b0188858fe0b997e58f1,3733.72,purchase,Europe,151.147,2,23,87.91,high_risk,established,focused
1789309597,0xbd9425a115668d4420bdf766aa3063de74df15ee,0xec8edf6504bf9a037466573a55ce61629f963f2a,3133.91,sale,Europe,14.137,8,86,37.89,moderate_risk,new,focused
1789300538,0x8d143c306dba3d79fe6565dcc8aa2eec6b97b8dd,0x5b8d426141778d7a48ace9b3c9cca14b2a899358,2236.99,phishing,Africa,148.203,6,18,22.67,high_risk,veteran,high_value
1789235608,0xf040bd10dc10ae47e5bfdcaf342f400cf0334820,0xda8ef08eca40413a6b72f864cf9dde372aa1903c,4970.27,phishing,Europe,38.74,3,13,89.29,high_risk,new,high_value
1789257905,0xa313ca872977197c45c96d3faab7de2e42ac9d9d,0xaf88e670f3bef7c7a6264f63b604a3dc05c2dc0d,3384.57,transfer,Europe,35.57,6,24,29.88,high_risk,established,focused
1789235786,0xcdc5fe4c30fcd8117617449a6f3b19d9cf374f81,0x52ac2f812e12f800d4c071b77eb391c2b691cfa5,4529.21,sale,Africa,109.241,3,7,7.6,high_risk,veteran,high_value
1789269497,0x288d0cc75d6c28b131fe7c07020b396f29346e35,0x2b285bc97b79168f24b9311f8806ebd99616716d,1070.36,scam,Europe,99.108,8,32,60.41,moderate_risk,veteran,random
1789275967,0x03a22731bcab9601f32c6e12c42f988b8d395940,0x5fc839f0779a760f903be5daba42e4d0b3b5943c,3889.99,transfer,Asia,106.59,1,57,47.0,moderate_risk,established,high_value
1789239129,0x29a480fc012f0cfa035166215a7252c807050d79,0x16db9a969c1f11fae57c5fc5f48473ab5cc80af6,1141.23,transfer,Asia,148.206,1,9,88.31,high_risk,established,high_value
1789280016,0xc4e01d35b4f0b58e102e5fa8af55ee0c19871757,0x9ade8a017449aa618c0d53c0c20b4c659e1b1c8b,2691.58,sale,Africa,67.93,5,41,56.42,high_risk,established,focused
1789254421,0xe453c135af6d712e3b09acb71b450a0ffb22c3eb,0xbc695525f984a8c1d5e12e7e47df0f1b2e277c4c,644.56,sale,Europe,34.79,2,45,13.02,low_risk,new,focused
1789257496,0x10bc7d67598eb241ab030e2328b2d5db62d5173a,0x9d06efcb94132a909df1cad7d31f93a91fcfe9a6,3509.73,scam,South America,42.112,8,14,68.49,high_risk,established,focused
1789290794,0x196950e28462b95aa560015706be01d81cde092c,0x598bd80bb15a810029de816ea466b9adf161ad3d,3799.56,transfer,North America,57.242,6,5,86.97,moderate_risk,established,focused
1789253070,0x70c107d633c5eea2e4104fab4e66670748a374cb,0xa0a31d20efeafa8fff957f3db46579ea2f249f11,1665.81,transfer,Asia,36.237,8,16,2.17,moderate_risk,new,random
1789225652,0x134c397c528242f3e4dd528e9cdf8b0e78379037,0x5e7fb3925e929ebc561625ef5ea6aa19af25fef2,3689.05,purchase,Asia,188.237,1,7,14.39,high_risk,established,random
1789231829,0xc697da319dcb518e4b947d6d7bbe62435619fe77,0x84061f9a63867d26a10c8e9bf2630a888c461305,2463.75,purchase,Europe,17.18,10,53,86.61,low_risk,established,random
1789284146,0xbe2a41c8d04d586076ecc1f825754dde7ea68361,0xdf3ca6230e80eaa1b705f42adc8d55f38cde0243,66.49,phishing,North America,188.253,7,50,37.01,high_risk,veteran,random
1789225799,0x89e865df6fb4e259382b2e4dc833a8ed27099aa8,0x571aad5de8b0cf3a1a85bf3a85d9f56b695ba4b6,844.48,transfer,Africa,50.248,1,34,2.59,moderate_risk,veteran,random
1789284138,0x95151b3e2ad7b876a82c8cb35e12c526eec646d0,0x6cc6f0918e49b0506de367cf2e9f16a20f78b8a2,259.63,scam,Europe,192.149,10,97,51.14,moderate_risk,established,focused
1789234407,0x63111618511560a47ef385c8965ad0a4ada385d4,0x47cc99599300f039054af15091533e63e5eb23ca,3650.28,scam,South America,126.17,3,21,61.01,moderate_risk,veteran,focused
1789269329,0x6aeb92ef30c9c7db08af92acb8eb03995eebcf0a,0xaec6b193d3928128b537cf555c78fda570f056e1,1887.15,transfer,Asia,49.84,9,84,10.62,high_risk,established,high_value
1789298847,0x6b55b220419934a1db7484220b2e414a2d8f9916,0xdd4b368cfdc91ccb363fa7c72d7ce7acb9f07ae4,2490.69,purchase,South America,180.103,1,14,44.78,high_risk,veteran,random
1789296979,0xe289cb75f9f2c7aaa3943d30e9842cda6c534897,0xe80e633c008b2dcb51650533a018ae3e698a6973,4513.27,scam,Asia,66.243,1,63,64.42,low_risk,veteran,focused
1789243612,0xd284f8d098756b976c5e75c5efd1c0cf85a2ad00,0x2d0017002fc8e290ef462dd4d86734292f4864d5,2608.93,transfer,North America,164.119,4,113,65.6,low_risk,new,random
1789257852,0x909f89f010c97ee3bc50cdbad1b7e11fd220e35b,0x0d422c3892464c7d81222f4f0424292fdacd2a9d,3944.8,transfer,Asia,60.247,6,29,34.98,low_risk,established,focused
1789234734,0xd9411175742f9879a90efd6c746e1399e6d2cdc1,0xb07f2a02f04787b32e52260b3dcc1396d210540f,1691.97,transfer,Africa,110.162,2,52,75.7,moderate_risk,established,random
1789247210,0x582c8d610d2aaf88240deb286df723ff578ee7a6,0x59c7d4ed51c38cb7b5ee1a04d35e53d18c3de54f,1559.8,sale,North America,23.68,9,48,2.4,low_risk,new,focused
1789304872,0x4bc1c1e28b94e8ac530ac49819499ed380a5776f,0x0760c5ae593b90ecfe985dd9949ee1f3a2f008ca,1886.85,transfer,South America,153.11,5,85,49.11,low_risk,established,random
1789238526,0xba05d2965e1ac1250eb013427c1e634559ce6d82,0x84756d7afa2eb74d7e5fbc69259fd6e1f77e377b,3427.36,purchase,North America,186.161,4,65,33.63,low_risk,veteran,high_value
1789251976,0xdd7467c320094355f8cd13b9d79a1a83db3b9437,0x6ba528cd59e19cce1ed2bc3b046213653d5d7c5a,4866.01,phishing,Africa,129.243,1,58,38.99,moderate_risk,established,focused
1789255917,0x716fdfb37c2619973dff431de3ce94cc32b20733,0xb3f932965584ed1f652fefc4fd2192cb56cfd802,3608.17,scam,Asia,22.10,9,71,27.89,low_risk,established,focused
1789302053,0xb2395f2bca657252e87ddd22ccfaeaacd41812c5,0xd4f96014cfa0c137f5b61befa3ce10e0e1e00697,4016.62,sale,North America,62.250,9,78,71.46,high_risk,established,focused
1789258963,0xe948c778a4c254868f2f9acfe84e6b447311baaf,0xe1eab4b207633c259f694501f01c621346a2fc92,1789.43,scam,North America,73.137,2,118,37.43,high_risk,veteran,focused
1789254947,0x340ba4b7db93eb2f0c7313dda2779762340b290c,0x04e9e2af1d1f5d56585e6e130cb964b0c035d9eb,611.55,phishing,Europe,41.149,7,56,60.51,low_risk,veteran,high_value
1789278093,0x04ff9d65b8da680a16b306056355b12876fcaeb2,0xf07d201dcdb5c36092da662756b696142e1af0b1,3119.0,phishing,Asia,144.23,6,86,46.38,moderate_risk,established,high_value
1789255157,0xc684ee610c7a0dc8546b6a2411de491d53f4cefd,0xba7209368184cffac830c9bcdd009fd3ee4f21ef,3868.8,scam,Africa,70.162,2,102,32.25,high_risk,new,random
1789247644,0xceecb9430151dec1a3a6fea1e330bb6a43c3dd82,0x0306f23d6a996d67f19c0ab918a5b4e66b8db77d,216.78,scam,Africa,113.12,7,77,26.31,high_risk,veteran,high_value
1789304002,0x498fc8e583aa29b4a79e04340ee6d6f9f899d0fd,0xd7c1323d5adf222629f23b88e6882ef008e7b9b2,4815.31,purchase,Europe,184.131,5,109,2.08,low_risk,established,focused
1789310854,0x51410df0760b4dd6767c064c283f329f4d5c040e,0x6974f55d579a4b45d60498edfa12cf98eecffe64,266.91,transfer,Asia,123.48,1,85,33.69,low_risk,veteran,focused
1789250770,0xfc3b9afd7ad51e6d7384d8adf04aa391f2fb6e45,0x78784a28fe1445fb4fcedbccaede151161d2197e,4737.56,sale,Africa,184.70,10,77,3.53,moderate_risk,veteran,high_value
1789291490,0x475cf91977ab43e31a51a3623ee9a7423d9da66c,0x1c5a83fe33cac499be34ebc4802d32b3deab3111,2686.04,scam,Europe,65.170,6,33,84.87,high_risk,new,random
1789268557,0xde544ce500fb4b887dd4f06b4d39ebaa3726dd84,0x01672e64fb45234e64dcf55bd633782ec28b8c34,4801.68,phishing,Europe,173.83,2,22,33.82,low_risk,established,random
1789285289,0x4742890f9572a4f3c40bbe2d7db927b4fd450a14,0x9694f4ff7d3353b910ac2b44842f5e84db93f1a9,4921.13,sale,Asia,59.176,4,94,90.02,low_risk,established,random
1789252190,0x23d4902923095f5b400ef805087c5f1105f38c56,0x1bf1c85649d2ee241093dd56094be5a433829f33,168.42,transfer,Asia,60.25,9,82,44.9,moderate_risk,new,random
1789310633,0xbbfdc270f226207ab8f80a9ff796a545bfcb9324,0x6d4a5e955b5d5ec0b2d45c97971ec12a2645c5fc,280.76,phishing,North America,140.177,7,106,13.63,moderate_risk,veteran,random
1789264386,0xa0f7e2409ca6ecc8fa62b0d4d277b15eb8187436,0x9b957e8abc9f9c616d90ee1aa00ab9826a5802bd,3357.86,sale,Africa,89.166,9,50,17.1,low_risk,new,random
1789266813,0x50455e362f852d4b70d2e30cf53139d3b274b4a3,0x7616dfe0591632e949fe9f147f2069e088a2fa78,3398.05,transfer,North America,118.43,5,23,62.44,high_risk,veteran,high_value
1789279564,0xe796cf86875385bcb980378274c9cef87a284cc8,0xb5a3a54b028d15662865e1a82c4ac57e4068039f,2942.63,scam,Europe,174.233,7,41,4.07,low_risk,new,high_value
1789271840,0x7340bbb35f4bd354a1970c739669b1ef6327db89,0xf43d53487d94ea8a061c051bbd6333edf0b62dc6,2186.77,phishing,Africa,103.245,3,16,37.58,high_risk,veteran,high_value
1789219563,0xcaea2a6c4b76d50bad6f4e43d3d9c56ae82b47c7,0xf7f5d677b92f3fa5544cbed2ec15205d02cb2bb4,3110.17,purchase,North America,182.7,9,90,13.84,low_risk,new,random
1789295440,0xbbde557b94c15c7b2ef0e3e84a65c8f6d06c1a38,0x5d81545cfa4516ee5578c0226e263b87d4f353f1,2996.12,scam,Africa,31.178,8,29,66.7,low_risk,established,high_value
1789272111,0x79af53ff3820ec301959084859c9d963b676c285,0x2d39fe802001e54a49fa7cf4155db703ac5b9c96,2214.38,purchase,South America,78.201,10,117,13.94,high_risk,new,focused
1789282714,0x2bc53fde9253e1f526d1584821369dea3d7d2c45,0x05444ce46436c747f81f2ab5ed7df6538b0bdf7e,3006.13,sale,Europe,84.132,1,67,66.12,high_risk,established,random
1789247757,0xd2bf9e2a661fffc09f8ca8f4876c8dff0309f104,0x6e9de2096acde2003677f1364d523a91ad4e618f,2653.73,phishing,Africa,179.146,2,23,38.61,low_risk,established,high_value
1789274078,0xd13e29bbe81c1e5e3b0f8a2d01fe4f67bd5beabb,0x43583db0d62162ac15c3bcbdfc81d42b535e51ad,4308.82,scam,South America,188.127,2,31,5.87,moderate_risk,veteran,high_value
1789243769,0x6fdf046eabe90d9546d4a1db5b37e100ae1cae51,0x999e120798abaaea3ae22533cec7587a221fa27a,81.46,transfer,Europe,139.8,0,49,56.08,high_risk,new,focused
1789219581,0x72466f838e25eb83a1669c90c154f0cbf75cfebd,0xbd58d336b9a9ce899b0719c283edfb61ae3ec261,260.64,purchase,North America,111.181,6,79,65.68,high_risk,established,random
1789292145,0x963e82d4ad589a49f53622f5230884bb73784a70,0x943ca63d219006b08d0d407e8e47d5b62e921bf1,4192.47,phishing,North America,50.28,7,103,84.09,high_risk,veteran,focused
1789252371,0xa3c83eb46709514a760520f569a44170e206df7f,0x9ff82ad450912a3407e138eb4cf834a1e095e1af,254.94,scam,Europe,170.55,3,27,18.01,low_risk,established,high_value
1789303092,0x11237b7a71f1a1b9716febc5494de094d6da6f18,0x9a4333eb00d1df9630f5a14509bf2f16c39ff157,2083.86,phishing,Asia,48.243,7,55,89.39,moderate_risk,veteran,focused
1789264759,0x07a0f07d209b32fae5c37d934919c05313ab3cd8,0x2d5e945354a9ca8f0ee9e95b9058473643cc6b5c,4495.54,transfer,North America,174.82,5,44,47.35,low_risk,veteran,random
1789213396,0xd7144aa0523c7a4296d314f2596bf0f173a17895,0xeb904fadd4454f6c9790cd785892015e1ecb6c80,3981.31,purchase,Europe,122.131,3,88,75.55,low_risk,established,random
1789219140,0xf4a2327e998d53e65d04c1908d1c8909b1fb9cd0,0x9204bddd46ec1486b3272746a2b70e814c632a5a,2737.62,scam,Europe,139.102,4,28,24.61,high_risk,new,focused
1789228862,0xb1eb6b92593fd9ee07342c8009165386ddb90345,0x2ab51e6d7e85f46645ae7e3fd054a802b4e95692,4379.0,transfer,Europe,22.82,10,91,55.18,high_risk,new,focused
1789307428,0xeab5ea01eb513d081ced6a19006907fcb4547625,0x4c51fb3dd5dd5d7b329d8d1b9480a10113ef8e97,4297.51,sale,Europe,139.90,2,29,88.73,high_risk,veteran,random
1789259575,0x54fc628acf88b01058ac78346761ab35a65526b6,0xcfc864f18b36440aaed6501de5ff2c2fc05547af,4123.34,transfer,Africa,50.205,6,17,67.23,moderate_risk,established,high_value
1789306614,0x701067386820389584c420efd5ba229152b74830,0x8e828dc9a25775bcd114623e2b3ca326d88af87a,4328.45,transfer,Europe,111.51,6,46,91.56,low_risk,established,focused
1789212508,0x0ca05183b42da5cdc0199ee68cc32838ddd046a9,0x6e2534a53c9e917b8ce849587f0768c370c8854f,2329.26,scam,South America,115.1,3,24,39.1,moderate_risk,established,focused
1789285810,0xec3fa99079bdf3a2e9c355e6f234adbabd1dd2d9,0x6f8c8ae55957d7aeab9e645fa23b6374761834fc,3498.67,scam,North America,153.180,5,48,6.83,moderate_risk,established,high_value
